LOGO_URL,NAME,BRAND_CODE
https://image-resize.fetchrewards.com/brands/896a3e3e210235310f9d5e3ac21377610ce1c0c9.png,Splintek Inc.,SLEEPRIGHT
https://image-resize.fetchrewards.com/brands/c777e6ef910fceef8fe80258ed4826999cc50e92.png,Offspring Beauty Co.,VERSED
https://cdn.images.fetchrewards.com/brands/fc3b499ff27b2cb7cc395d2b0aa62bf14675896a.png,"United Natural Foods, Inc.",ESSENTIAL EVERYDAY
http://image-resize.fetchrewards.com/brands/57b16c2f762ad94db1ef7613ecff0b90fbb09d0d.png,Smokey Bones,SMOKEY BONES
http://image-resize.fetchrewards.com/brands/8471286c0de1c661b09b3fc952f541ad9c7f24c7.png,Raising Cane's,RAISING CANE'S
http://image-resize.fetchrewards.com/brands/9c92a5bed1dca88a159b234ae436286878439ee6.png,Taco Bell,TACO BELL REST
http://image-resize.fetchrewards.com/brands/7bce399f4ddd264c199e72a9d76c2b030aaf3f76.jpeg,Olive Garden,OLIVE GARDEN
http://image-resize.fetchrewards.com/brands/af79629cc65aa60f2ceaba9bd7f197e7ed99b6e2.png,Pizza Hut,PIZZA HUT
http://image-resize.fetchrewards.com/brands/68f0330c97687c9b92b5f502ef6587ebb097c507.png,Clorox National,HIDDEN VALLEY 2
http://image-resize.fetchrewards.com/brands/88d9020f74aad9be671d72632c36b9889dde01f4.jpeg,McDonalds,MCDONALDS
http://image-resize.fetchrewards.com/brands/6f834c849c749ad21c6fbd2c8ce60dd5ea20c5d3.png,Restaurants & Rewards,RESTAURANTS & REWARDS
http://image-resize.fetchrewards.com/brands/9ecb53e67c9975f39f9aa32f0ca7b18588410201.jpeg,Qdoba Mexican Eats,QDOBA
http://image-resize.fetchrewards.com/brands/d18b2b457cb915d9e6c870e571adede7d9ad40ca.png,Sonic,SONIC
https://image-resize.fetchrewards.com/brands/f3a65ce0ed0df3f2b2b34f4e38a2e2b2df19fc17.png,Sunoco,SUNOCO
https://image-resize.fetchrewards.com/brands/ba3801e1495658c52e14870c7cca1165abd512fa.png,Spindrift,SPINDRIFT
https://image-resize.fetchrewards.com/brands/f45b381743f08b3faac9f96e88f47b583b644173.png,Carolina Foods,DUCHESS
http://image-resize.fetchrewards.com/brands/7712307f94cc858d5b7b28fc7c815429d90b91e6.png,Riviana Foods,SUCCESS
https://image-resize.fetchrewards.com/brands/f8bfa8aeff2e36dfece24efb1f195b8ab1b31b56.png,Red Gold,REDPACK
https://image-resize.fetchrewards.com/brands/0022f8e1c61a198f5cd02805869b56fd5766a44b.png,Red Gold,TUTTOROSSO
https://image-resize.fetchrewards.com/brands/fb032a4513276ee93882c731496abe39727333c0.png,Red Gold,RED GOLD
https://image-resize.fetchrewards.com/brands/f37e501e43f36c6c7b97d3ee689a4355784a63ad.png,Newell Brands,SHARPIE
https://image-resize.fetchrewards.com/brands/605eb66fa6b6ef4dc4a8ee308d2aeed9bd5de5ac.png,Newell Brands,PAPER MATE
https://image-resize.fetchrewards.com/brands/6cac06b1293b09241eef0cfc7cc5e9d41ca39f0d.png,Newell Brands,ELMERS
https://image-resize.fetchrewards.com/brands/0a72e2c83f30c662782d79509d1c3c3c76ff68d9.png,Newell Brands,EXPO
https://image-resize.fetchrewards.com/brands/ce1da7fdbd4dd6cd52c3b87a7e30b01f9e5d7801.jpeg,Newell Brands,YANKEE CANDLE
https://image-resize.fetchrewards.com/brands/7d6f81cdff72708564cf8897baee1e1b61a06db5.jpeg,Newell Brands,BALL
http://image-resize.fetchrewards.com/brands/c08f530c7f97e3c872b7e133179080523d33058c.png,Trident Seafoods,LOUIS KEMP
https://image-resize.fetchrewards.com/brands/46fd27e494b399edd58798d1335e509a447db649.jpeg,Nature Nate's Honey Co.,NATURE NATE'S HONEY
https://cdn.images.fetchrewards.com/brands/be5d9238d096a9222243c8109dd9c1a6bb5b504e.png,Wild Fork,WILD FORK
https://image-resize.fetchrewards.com/brands/3db2309c7b96cd715bf8e8490223080e5c7b8708.png,Sargento,SARGENTO
http://image-resize.fetchrewards.com/brands/20125bbaead3b1a8c18ba83d2b6e73fbbedeb8ad.png,SpartanNash,FAMILY FARE SUPERMARKETS
http://image-resize.fetchrewards.com/brands/49d349788ed58d797b7c00efa150befdcfffe369.png,Party City,PARTY CITY 
http://image-resize.fetchrewards.com/brands/92a403e43218ba3ed605c5cbfc26eb6b76a6c7f3.png,Richardson Oilseed Products (US) Limited,WESSON
https://image-resize.fetchrewards.com/brands/cae722f099342235ed7f872834c020c3fb26957e.png,Perfect Keto,PERFECT KETO
http://image-resize.fetchrewards.com/brands/9c330883a209620aa90aa804ca051f7a4ce156e0.png,organicgirl,ORGANICGIRL
http://image-resize.fetchrewards.com/brands/cfdec035ffb8a1da8cc1194956a4c270b70095a9.png,Outback Steakhouse,OUTBACK STEAKHOUSE
https://image-resize.fetchrewards.com/brands/b7654b52a246b69383854f27b31bc1dbb4d58e58.png,Riboli Family Wines,STELLA ROSA BRANDY
https://image-resize.fetchrewards.com/brands/3b423edc03c96e154fe327474bdbaebc712225b2.png,PetSmart,PETSMART
https://image-resize.fetchrewards.com/brands/0d966cf851851ee1fd358640210895b965e2c47f.png,Land O'Frost,LAND OFROST
https://image-resize.fetchrewards.com/brands/d83ba2c03e942b907de242cf8a6af52234aabaac.png,Bayer Allergy 79pct,CLARITIN
https://image-resize.fetchrewards.com/brands/86ad76fa84af727bc090a4d8140d410dfb7ec9e4.png,Bayer Allergy 79pct,ASTEPRO
https://image-resize.fetchrewards.com/brands/79da01df343d546f4ad88ebfe088c5ebf227e19c.png,Pepsico,FRITO LAY
http://image-resize.fetchrewards.com/brands/252e94ca5870a4ef90d526333e1a079f091860b5.png,Pepsico,BARE
http://image-resize.fetchrewards.com/brands/f86cb8b27bcd2e4f3874b47856357ff21095d37e.png,Pepsico,MUNCHOS
http://image-resize.fetchrewards.com/brands/f06fcbdc9f6a330d8b930a70650d9e771970e407.png,Pepsico,FUNYUNS
http://image-resize.fetchrewards.com/brands/8d5ca15f00dc81e9588c9c35ef60ea65a7878c72.png,Pepsico,MTN DEW AMP
http://image-resize.fetchrewards.com/brands/cbee9abd2dcc97cacb3d7a4cee7650286e10dbf5.png,Pepsico,SUNCHIPS
http://image-resize.fetchrewards.com/brands/79d6106b33deac2a913b933bf31147cb6c0634e6.png,Pepsico,CHESTERS
https://image-resize.fetchrewards.com/brands/24d0b8d5e8efee5ca9dffdd791e2545a7eda6bbe.png,Pepsico,SIMPLY
http://image-resize.fetchrewards.com/brands/52f71f08769a62062980b01ddf3845938dcd7115.png,Pepsico,CRACKER JACK
http://image-resize.fetchrewards.com/brands/b277c778b84111dd43b0d00af133a1e10306dab2.png,Pepsico,CELSIUS
http://image-resize.fetchrewards.com/brands/9a2323fee40bec24790561e6b7287fbc1a415e59.png,Pepsico,MIRINDA SODA
https://image-resize.fetchrewards.com/brands/42db4bfffc98d5b5cdb73c4282db9a9e444c5d36.png,Pepsico,MUSCLE MILK
https://image-resize.fetchrewards.com/brands/b0dee70a13b1fef2ab86ed8660905698e1855a44.png,Pepsico,POPCORNERS
https://image-resize.fetchrewards.com/brands/80203f504d16e92c24682e4a73f62b3014eb5273.png,Pepsico,ROLD GOLD
https://cdn.images.fetchrewards.com/brands/950c9f7a7e87434f4633dfeb1a52e0c2aeb7c03a.png,Pepsico,MTN DEW RISE ENERGY
http://image-resize.fetchrewards.com/brands/cca331774e5d2b079c2a4d26d7cbe0360583b361.png,Pepsico,MINIS
http://image-resize.fetchrewards.com/brands/888afa450bf5fac0505534aba0694069738a28d4.png,Pepsico,PURE LEAF
http://image-resize.fetchrewards.com/brands/dbf03e5b02fc65248ce0fc813f62c4f25e1a59d5.png,Pepsico,MANZANITA SOL
http://image-resize.fetchrewards.com/brands/de5f5c837dc1aa4f4c4ff44b81a38a1f3f76c08a.png,Pepsico,LOOZA
http://image-resize.fetchrewards.com/brands/bbe58e168a06837004c76d3476b62b51f7544dd8.png,Pepsico,SABRA
http://image-resize.fetchrewards.com/brands/16327ecbdfa658265fab5edcdb631d2e71672cef.png,Pepsico,STUBBORN SODA
http://image-resize.fetchrewards.com/brands/eb9a30d218cc8b2831816ded51ad48839f60cfc7.png,Pepsico,SABRITAS
http://image-resize.fetchrewards.com/brands/8e54f72f4820470b04c853f89d6da8fc3b958e8d.png,Pepsico,SABRITONES
http://image-resize.fetchrewards.com/brands/028187da6c0f0360ae8e2a2ce3f3b7af17401e7a.png,Pepsico,RED ROCK DELI
http://image-resize.fetchrewards.com/brands/6e941c32112e625fbd7315257b39907a2d7ead75.png,Pepsico,MAUI STYLE
http://image-resize.fetchrewards.com/brands/8917b7b19d505c8b8ee85b8b40619dd2e539a331.png,Pepsico,FRITOS
https://image-resize.fetchrewards.com/brands/f4aa844d719e8bc90b0bcc623a7d808d31f1baa1.png,Pepsico,BRISK
https://image-resize.fetchrewards.com/brands/b94db1f6d88ba218cfba46a71e2d1ff7f0322bf6.png,Pepsico,STACYS
https://image-resize.fetchrewards.com/brands/054426614a2a23c10bba80243771e9351e3993ab.png,Pepsico,DORITOS
https://image-resize.fetchrewards.com/brands/6832739c6b744d2856413b90f81f8c5bbe378788.png,Pepsico,CHEETOS
https://image-resize.fetchrewards.com/brands/b27f1b8d9a734db2343d0a156387d00757e84b58.png,Pepsico,SMARTFOOD
https://image-resize.fetchrewards.com/brands/1bc2749c9e1a659a01193ca7278c7de15a28b7fb.png,Pepsico,EVOLVE
https://image-resize.fetchrewards.com/brands/9c1fa39c0439301d31c2c0bb72493e303eed918b.png,Pepsico,BAKEN ETS
https://image-resize.fetchrewards.com/brands/c3a08bb34d8333e84e67ca7b5ea55755891821f4.png,Pepsico,STARRY
https://image-resize.fetchrewards.com/brands/ad16d524464417e26c0c53f91a7a477cba0068da.jpeg,Pepsico,MUNCHIES
https://image-resize.fetchrewards.com/brands/653b1afe472f3daaa88195be05647f0981008b4d.png,Pepsico,OFF THE EATEN PATH
https://image-resize.fetchrewards.com/brands/fbbbf68b373596b4f116dc3c99c0eb453252638d.png,Pepsico,PROPEL
https://image-resize.fetchrewards.com/brands/d4dd3f86cd6ff3f266715bb310a6fe627c091078.png,Pepsico,ROCKSTAR
https://image-resize.fetchrewards.com/brands/71646f8b435cb10b321241d81efad116ad365c39.png,Pepsico,MOUNTAIN DEW
https://image-resize.fetchrewards.com/brands/a9befde35d5ca26e33979977c3198f6855553c76.png,Pepsico,JACK LINKS
https://image-resize.fetchrewards.com/brands/3ac2c977ddc3c8041c676e413fd7a7b7fde54fc9.png,Pepsico,PEPSI
https://image-resize.fetchrewards.com/brands/ae9b65b4dc30a565fbcf1b550bdda8301639efab.png,Pepsico,GATORADE
https://image-resize.fetchrewards.com/brands/f6935324c15109921f4497f5fee7aeb71d4b1f98.png,Pepsico,LIPTON
https://image-resize.fetchrewards.com/brands/9b5e463d239de8586676cea3b06f4d0fff54138f.png,Pepsico,NATUCHIPS
https://image-resize.fetchrewards.com/brands/d43aeb5714bd1c7a96e78a15619e3aff63df81f5.png,Pepsico,TOSTITOS
https://image-resize.fetchrewards.com/brands/6539df12461313b6f6efeb5fa5cbf40917bfe787.png,Pepsico,RUFFLES
https://cdn.images.fetchrewards.com/brands/e983e40af279e5e77139e14a0a359ca43912f786.jpeg,Pepsico,SANTITAS
https://cdn.images.fetchrewards.com/brands/8f85790b1a6a9d5dca742ecbcf077978738b01e2.png,Pepsico,LAYS
https://image-resize.fetchrewards.com/brands/bd81d96a01fd0cef92fefc4e32ed862300ede5fb.png,Ekaterra Lipton Teas and Infusions,LIPTON TEA BAGS
https://image-resize.fetchrewards.com/brands/c86e968f95fc50d205508d2cf58a503803002f07.png,Pernod Ricard,AVION TEQUILA
https://image-resize.fetchrewards.com/brands/ce26c6b513d7f71d0b6738338aa7d96b34aa03d6.png,Pernod Ricard,ROYAL SALUTE
https://image-resize.fetchrewards.com/brands/8ff63ee92823bd5c3f795b7f7f74a0843686a028.png,Pernod Ricard,SMOOTH AMBLER
https://image-resize.fetchrewards.com/brands/eb62d720cd49cb402d575c30342af45568eb2cfb.png,Pernod Ricard,PLYMOUTH GIN
https://image-resize.fetchrewards.com/brands/2ad285e432c434143136abd913e42f321979d256.png,Pernod Ricard,MALFY
https://image-resize.fetchrewards.com/brands/34b4420dce23fa163e8f434bab1dd3db922756aa.png,Pernod Ricard,ITALICUS
https://image-resize.fetchrewards.com/brands/64e8e6e1f95fa2c75e35e18a9e206dac6d533ea9.png,Pernod Ricard,RABBIT HOLE
https://image-resize.fetchrewards.com/brands/89ac6ea2a6676905ba5f77a62108240c001d07c5.png,Pernod Ricard,LILLET
https://image-resize.fetchrewards.com/brands/22b84eeef882543d40f780a317238717f682796a.png,Pernod Ricard,POWERS
https://image-resize.fetchrewards.com/brands/d541433ffd8cdb5bff42fce12e46ccf65169625a.png,Pernod Ricard,BEEFEATER
https://image-resize.fetchrewards.com/brands/5218e5bb31d9f50925b4ed5a17e3419c9161068e.png,Pernod Ricard,MONKEY 47
https://image-resize.fetchrewards.com/brands/d056914b98f35133f9cbcac20fbe2d4465fc2e96.png,Pernod Ricard,GREEN SPOT
https://image-resize.fetchrewards.com/brands/ee73533b7057b1e423e082c9dee436aa08c4a172.png,Pernod Ricard,DEL MAGUEY
https://image-resize.fetchrewards.com/brands/d13625f54988d26285baaf014851087307b54b3d.png,Pernod Ricard,MIDLETON IRISH WHISKEY
https://image-resize.fetchrewards.com/brands/506de0c4790405f8ce63548f254dec294ad39fef.png,Pernod Ricard,SEAGRAMS GIN
https://image-resize.fetchrewards.com/brands/6a29986a4b2c06f0cdb7452b82d079ae489c9d55.png,Pernod Ricard,ALTOS
https://image-resize.fetchrewards.com/brands/f20089f8f2ef7349fbf4fbe0a56e2faabc5dde43.png,Pernod Ricard,TX BRAND WHISKEY
https://image-resize.fetchrewards.com/brands/5c3f060f8f0782f25fa21353ee3d37868e4cee3f.png,Pernod Ricard,MALIBU
https://image-resize.fetchrewards.com/brands/5cbaf719c08de8bc6e30ec8c197592fb5548fa3d.png,Pernod Ricard,ABERLOUR
https://image-resize.fetchrewards.com/brands/815e0ef65f5111198425205b809ab2d91eda94f3.png,Pernod Ricard,REDBREAST
https://image-resize.fetchrewards.com/brands/fbe26b857eb606d6be6228f634f061e9627cbc43.png,Pernod Ricard,THE GLENLIVET
https://image-resize.fetchrewards.com/brands/4061db93ea847d5e5f71dc95dfb6b0f3f3910673.png,Pernod Ricard,CHIVAS REGAL
https://image-resize.fetchrewards.com/brands/e36566d76ca940046c80f55ca5f38faeb38ea4b1.png,Pernod Ricard,KAHLUA
https://image-resize.fetchrewards.com/brands/9bc012b2bc43ad618d4e839e50ba93c6b74fa20e.png,Pernod Ricard,JEFFERSONS BOURBON
https://image-resize.fetchrewards.com/brands/fbb09d9e5b0837a1b627358ba1aed44581bb0773.png,Pernod Ricard,MARTELL
https://image-resize.fetchrewards.com/brands/28b5f95f4b394e297df58f06e502bed3f0012fe8.png,Pernod Ricard,ABSOLUT
https://image-resize.fetchrewards.com/brands/fa91fc5b39e82ca706f43027c2c023ca91d3871a.png,Pernod Ricard,JAMESON
https://image-resize.fetchrewards.com/brands/a205e2afff4495309530a37ad78fac53b4d46dee.png,Pernod Ricard,CODIGO 1530
https://image-resize.fetchrewards.com/brands/07b07b283d727d8e5e32a4776d3a8a794965b7a4.png,Pernod Ricard,SKREWBALL WHISKEY
https://image-resize.fetchrewards.com/brands/a5959a365dd958d9a87a6f3830d1fafc79723066.png,King's Hawaiian,GRILLOS PICKLES
https://image-resize.fetchrewards.com/brands/cc4b006e2c069a4f64e50b0faa6571abb474e8e6.png,Maschhoff Family Foods,JUST BARE
https://image-resize.fetchrewards.com/brands/5ae95b08cea39107903a39004ce2cdbc8c1dddf9.png,Mars Petcare,EUKANUBA
https://image-resize.fetchrewards.com/brands/b29dc8ace61ad24e8c55650486000dc7e2460540.png,Mars Petcare,TEMPTATIONS
https://image-resize.fetchrewards.com/brands/18d9b4765b627ba223db8861088d55443ed3c94c.png,Mars Petcare,GREENIES
https://image-resize.fetchrewards.com/brands/e8032ae8a6a7a716d05e647e000353ea9c8faa49.png,Mars Petcare,SHEBA
https://image-resize.fetchrewards.com/brands/da5c6b5fc871a496e9343fad84be4f3a133da0cf.png,Mars Petcare,CESAR
https://image-resize.fetchrewards.com/brands/8c4061cf7449427361af73685a31d2f2f9537ea6.png,Mars Petcare,IAMS
http://image-resize.fetchrewards.com/brands/e152abf4a14437a79b5d2ab40f454d3987850dd3.png,MPM Products,REVEAL NATURAL CAT FOOD
http://image-resize.fetchrewards.com/brands/841ce6d85752a89eca23239796cff241bb4d19b7.png,U.S. Highbush Blueberry Council,USH BLUEBERRIES
http://image-resize.fetchrewards.com/brands/d4e4e9c1a8e3e501adc1d98b0a570cdd2f2e9755.png,The Hershey Company,HERSHEYS KISSES
http://image-resize.fetchrewards.com/brands/0de9088e855e8b988820287091f61279763e519c.png,The Hershey Company,HERSHEYS SYRUPS
http://image-resize.fetchrewards.com/brands/f137af86ecf5c1d35eb9f02af71c6836353bb044.png,The Hershey Company,TWIZZLERS
https://image-resize.fetchrewards.com/brands/c90e06c8ab9740df5f0cf94b739baaa1d2f23d0e.png,L'Oreal,LA ROCHE-POSAY
https://image-resize.fetchrewards.com/brands/4f439cce3c2aa0c8c6ff86a49d51f16792107496.png,L'Oreal,NYX PROFESSIONAL MAKEUP
https://image-resize.fetchrewards.com/brands/04ea7cc6d3d9d64519270530895b55c35aad2059.png,L'Oreal,GARNIER HAIR COLOR
https://image-resize.fetchrewards.com/brands/0ffb7c075b7718832c54ee3214874e260404300e.png,L'Oreal,MAYBELLINE
https://image-resize.fetchrewards.com/brands/1a3047a8b15d371d3c39a13b15f49e4898abad69.png,L'Oreal,LOREAL PARIS COSMETICS
https://image-resize.fetchrewards.com/brands/38a3e7376f180ef5cc263b544be1bdb7ed395444.png,L'Oreal,ESSIE
https://image-resize.fetchrewards.com/brands/01da30e2926a36315b5ffa06945547fda7fd10fd.png,L'Oreal,LOREAL PARIS HAIR COLOR
https://image-resize.fetchrewards.com/brands/28ff8fb6577aa4a04ccaf54cb29d875bb9fbe476.png,Upfield,COUNTRY CROCK PLANT BUTTER
https://image-resize.fetchrewards.com/brands/97ffe5f7f4d04a9f3386456bd5f1a334cae4b1f8.png,ZEISS,ZEISS
http://image-resize.fetchrewards.com/brands/d2b9832c8fd887f0a94248b416ce835779c6e91c.png,PetIQ,MINTIES
http://image-resize.fetchrewards.com/brands/73335a08838d8f32b764e0046a9653ed5a2207fc.png,Schlotzsky's,SCHLOTZSKYS
https://image-resize.fetchrewards.com/brands/32bb2168dd6ec2db53ed789103f87aa4f614db1c.jpeg,Rite Aid,RITE AID
https://image-resize.fetchrewards.com/brands/5dad5968d76a4433c7cbc5e3ed32ac9ed0b7e8dc.png,Rite Aid,BARTELL DRUGS
https://image-resize.fetchrewards.com/brands/99b871443b28a98740c1a8c5d8e24191e939947b.png,FOCUS BRANDS,CINNABON
https://image-resize.fetchrewards.com/brands/c0f2ff17320d42e57c8e6ea18e42cf8c55cf2fa8.png,"Ocean Spray Cranberries, Inc.",OCEAN SPRAY CRANBERRIES
http://image-resize.fetchrewards.com/brands/9c4823f1c425fb4598ce8651a45182ddc3a566ec.png,McAlister's Deli,MCALISTERS DELI
http://image-resize.fetchrewards.com/brands/92fd013b23fc5bd126b9390d4f1d5beb962c8bfa.png,Mars Wrigley,EXTRA
http://image-resize.fetchrewards.com/brands/0e5ee25bdcbec23add59d3559c5af3d5ccc5e083.png,Mars Wrigley,ORBIT
http://image-resize.fetchrewards.com/brands/38266c395f24580ee27770b940679b8aac199985.png,Mars Wrigley,ALTOIDS
https://image-resize.fetchrewards.com/brands/e201d90627fc16fa7d75efea2358c49f50cd42d8.png,Mars Wrigley,DOUBLEMINT
https://image-resize.fetchrewards.com/brands/e106eb7571b736edb06b76d6570bcf7dff2b99c9.png,Mars Wrigley,BIG RED
https://image-resize.fetchrewards.com/brands/e4fbfa0dc68896682bce91edd3745c015ec8aded.png,Mars Wrigley,STARBURST
https://image-resize.fetchrewards.com/brands/dd9d70b92de7e54c30411cbfcecbac6ef517bf08.png,Mars Wrigley,ECLIPSE
https://image-resize.fetchrewards.com/brands/eb8ffc5c248de55e87e8316ec1a5d391857e1c31.png,Mars Wrigley,SKITTLES
https://image-resize.fetchrewards.com/brands/20bd004445b7229eda7b5f58938d8a7b3fe7b626.png,Mars Wrigley,JUICY FRUIT
https://image-resize.fetchrewards.com/brands/97105a85a31b8ef0be28f4f68a48d5cf038bd0b3.png,Mars Wrigley,SPEARMINT
https://image-resize.fetchrewards.com/brands/f443b8242329e10689f344980b49323b726151ee.png,Mars Wrigley,WINTERFRESH
https://image-resize.fetchrewards.com/brands/14bb0e578903d228034325801262971140ca14f1.png,Mars Wrigley,HUBBA BUBBA
https://image-resize.fetchrewards.com/brands/177e7afd9f7780f2cbb0b78f7d5ba2d45fcb1dd1.png,Mars Wrigley,LIFESAVERS
https://image-resize.fetchrewards.com/brands/f2c40b979024b4e00065d45d1b8fe7716851fd7d.png,Mars Wrigley,5 GUM
https://image-resize.fetchrewards.com/brands/ee99c15324ddfb68e1cbae02882ae1bda064c966.png,Mars Wrigley,3 MUSKETEERS
https://image-resize.fetchrewards.com/brands/6117894aa83cc201714ea8a77f359efdf640f28b.png,Mars Wrigley,SNICKERS
https://image-resize.fetchrewards.com/brands/6a3251af3ba7eb60154dbe93578508bc2739786d.png,Mars Wrigley,TWIX
https://image-resize.fetchrewards.com/brands/6e1852bcfd54d6fe649bdaf31b24d1bced8f0185.png,Mars Wrigley,MILKYWAY
https://image-resize.fetchrewards.com/brands/7dd32fc2fc8bc7a38a2e16b975c55cd1dee1d346.png,Mars Wrigley,M&MS
https://image-resize.fetchrewards.com/brands/7b6e160afad6a863dfb6510f52a893cf06939a72.png,Mars Wrigley,DOVE CHOCOLATE
http://image-resize.fetchrewards.com/brands/442e17751b793aa82efed178ff1155f50a34eb78.png,O'Charley's,OCHARLEYS
https://image-resize.fetchrewards.com/brands/1315b8e598a041537bab9f4c51767106fa9f7414.png,Waterloo,WATERLOO
https://image-resize.fetchrewards.com/brands/ed9128c6d2ac64821ce7d697c1bc57e58174f702.png,CONSTELLATION BRANDS,SVEDKA VODKA
http://image-resize.fetchrewards.com/brands/0cee3ee393c4bfc02b08c961b315e190a0640f0d.png,Kradle,KRADLE
https://cdn.images.fetchrewards.com/brands/2c0589afda9c97b7de39c77edfd0cf64bd8be996.png,Zaxby's,ZAXBYS
https://image-resize.fetchrewards.com/brands/4b862de3b999031b2e5919f35bf7dd35f61a9ba4.png,LifeScan,ONETOUCH
http://image-resize.fetchrewards.com/brands/2e7918322881f6ffd126c97c8496c1906f9d24d7.png,McCain Foods,MCCAIN
http://image-resize.fetchrewards.com/brands/cfe0c271605fe424da1afcab048f73466065c0cd.png,Procter & Gamble,GILLETTE VENUS
https://image-resize.fetchrewards.com/brands/5d0bb412f81a74db4daf23942551b498bb30c0b4.jpeg,Elanco,K9 ADVANTIX II
https://image-resize.fetchrewards.com/brands/f358a61ff80094508d71fb2d9899d9ceabfbdf94.jpeg,Elanco,ADVANTAGE II
https://image-resize.fetchrewards.com/brands/6a344643d1be632f144cc133a6fe1985ab00a33e.jpeg,Elanco,ADVANTAGE XD
https://image-resize.fetchrewards.com/brands/751709fa1e73867972665219449b8e6c81badab3.jpeg,Elanco,SERESTO
https://image-resize.fetchrewards.com/brands/b37a8f6b97b0606f8441dd33522ef31bda0ac048.png,Partake Foods,PARTAKE
https://cdn.images.fetchrewards.com/brands/2317d5e10126b8ff530e0094a0f95e91f86b661b.png,Once Upon a Farm,ONCE UPON A FARM
https://image-resize.fetchrewards.com/brands/35b26f528091f0486fd1b07623c0484b6a056bc8.png,Tyson Foods,AIDELLS
https://image-resize.fetchrewards.com/brands/7fe41c3e0e047c3990b05b1e08d0f4e94f1634e9.png,Tyson Foods,WRIGHT BACON
https://image-resize.fetchrewards.com/brands/be93c5f0026ff3322bce0cb0a3331b2b25318efe.png,Tyson Foods,GALLO SALAME
https://image-resize.fetchrewards.com/brands/65aec4b867df9e0d989922f6fe426486cf1eed80.png,Tyson Foods,TORTILLALAND
https://image-resize.fetchrewards.com/brands/d2e011b0c3a32d6dda5c15e3d46f57e4f50231e8.png,Tyson Foods,LAHLI
https://image-resize.fetchrewards.com/brands/72285d27a6e2682d05fce9fb19a379877c4ae2b4.png,NatureSweet,NATURESWEET
http://image-resize.fetchrewards.com/brands/00f8601cda4cdfeed481eb1c4545a0e0294369dc.png,Meijer,MEIJER
http://image-resize.fetchrewards.com/brands/02c9b88d278173a2f33b51deb0934df317349c37.png,Woodman's Markets,WOODMANS MARKET
https://image-resize.fetchrewards.com/brands/0ae413b05ac5739a65c28379b69d04d020812649.png,Bayer Cough Cold 71pct,CORICIDIN HBP
https://image-resize.fetchrewards.com/brands/8b521d579eb596e93c969e575d4d461cb806737c.png,Bayer Cough Cold 71pct,MATYS
https://image-resize.fetchrewards.com/brands/c023aac7bc3567ad5326c601f829fd104ceba6a7.png,Bayer Cough Cold 71pct,ALKA SELTZER PLUS
https://image-resize.fetchrewards.com/brands/e3fc1336d18d8e64c696854f9a4dfca18547d269.png,Bayer Cough Cold 71pct,AFRIN NASAL SPRAY
http://image-resize.fetchrewards.com/brands/8b07377c617fc1e2c2d4e58949c12f90b66c4abe.png,Subway,SUBWAY
http://image-resize.fetchrewards.com/brands/55c52d40515100ada39ebc2ccf26532a21d68c3d.png,"MOOYAH Burgers, Fries & Shakes",MOOYAH
https://image-resize.fetchrewards.com/brands/ab34b452491e93af63f83b67b3dd11bb2669be54.png,Ticonderoga,CREATIVITY STREET
https://image-resize.fetchrewards.com/brands/72bf1e5e1310d7228af339811a201c99a45b4d05.png,Ticonderoga,PRANG
https://image-resize.fetchrewards.com/brands/34779cfddcdce1017a2d80dfc1b5946781dc08f4.png,Ticonderoga,UCREATE
https://image-resize.fetchrewards.com/brands/5ca928f9d99672848016359ed74cebecf11151ec.png,Ticonderoga,FADELESS
https://image-resize.fetchrewards.com/brands/776f487b1d2b6879b7e0556171d6dc15a0309b9f.png,Ticonderoga,TICONDEROGA
https://image-resize.fetchrewards.com/brands/a3c45f8af36884d2378174cc0d74c1306301b28e.png,Ticonderoga,TRURAY
https://image-resize.fetchrewards.com/brands/dbc050085021acef009d06a894051faa48bc78f1.png,Ticonderoga,DIXON
https://image-resize.fetchrewards.com/brands/51bac8f414577589354938b917e75aaad501927b.png,MolsonCoors,BLUE MOON LIGHT SKY
https://image-resize.fetchrewards.com/brands/c7372b851f2a4cc27fcde75b1fcf7205846ec578.png,MolsonCoors,COORS PURE
https://image-resize.fetchrewards.com/brands/fe6d1082b75330fe7577a30f6f200ad06fb40d12.png,MolsonCoors,HAMMS
https://image-resize.fetchrewards.com/brands/0f943cd9af4e9d11ff464a430ff8541234e45b0a.png,MolsonCoors,STEEL RESERVE ALLOY SERIES
https://image-resize.fetchrewards.com/brands/0b0e9da4b1b8e1918919bc1a19f63cc4c7dc7767.png,MolsonCoors,ICEHOUSE
https://image-resize.fetchrewards.com/brands/297f16cc12d86aee889ed4e1321a2e73a777340c.png,MolsonCoors,MILWAUKEES BEST
https://image-resize.fetchrewards.com/brands/9532c3d307fe50c4666f495bedcb73d626648d2b.png,MolsonCoors,HENRYS HARD SODA
https://image-resize.fetchrewards.com/brands/d887d343648bf0ea6399111d51ce13709fefbe7f.png,MolsonCoors,LEINENKUGELS
https://image-resize.fetchrewards.com/brands/ae09c43b6f8fdf6d4def0d3d8d7948d9d4cc8523.png,MolsonCoors,SOL CERVEZA
https://image-resize.fetchrewards.com/brands/173ba37d0475fe3a5efc30acf373630a37933626.png,MolsonCoors,ARNOLD PALMER SPIKED
https://image-resize.fetchrewards.com/brands/4bc0ef5dbd92499fa7c55eca99ce7fb8ab8b3f27.png,MolsonCoors,MILLER GENUINE DRAFT
https://image-resize.fetchrewards.com/brands/9485f1bd8deee793e8e93e54ea37d30457cfebfd.png,MolsonCoors,REDDS WICKED
https://image-resize.fetchrewards.com/brands/96d8c453b7d1062019818c027321e29e798287de.png,MolsonCoors,MILLER64
https://image-resize.fetchrewards.com/brands/06b3e5b8007b2f65ce0651db52ccf593b0da7cd1.png,MolsonCoors,COORS BANQUET
https://image-resize.fetchrewards.com/brands/85613014b059edff8f8ea822fbc81b05dcc34ee6.png,MolsonCoors,KEYSTONE LIGHT
https://image-resize.fetchrewards.com/brands/47ada31b59fc6909a848ab109b7a502acf97fe23.png,MolsonCoors,TOPO CHICO SPIRITED
https://image-resize.fetchrewards.com/brands/b24ab782809db6cae36e425f309f32b3fe31c4e3.png,MolsonCoors,COORS LIGHT
https://image-resize.fetchrewards.com/brands/e9c07d6b3f9b2ccbc2e6f7b2f810eb77cba29a9a.png,MolsonCoors,MILLER LITE
https://image-resize.fetchrewards.com/brands/4882f2005b3ce62d034d1e8e60598a657cdb4e0e.png,MolsonCoors,MILLER HIGH LIFE
https://image-resize.fetchrewards.com/brands/856ea0c577e3751b6873db0cf1f86ce2baccfd32.png,MolsonCoors,VIZZY
https://image-resize.fetchrewards.com/brands/31a5b238b8eee560c24c10463c8d1fec1174b3a7.png,MolsonCoors,TOPO CHICO HARD SELTZER
https://image-resize.fetchrewards.com/brands/cd022ac11f816a5b331922517d7255d985346cd9.png,MolsonCoors,SIMPLY SPIKED
https://image-resize.fetchrewards.com/brands/72592f26a2df477625c226b5d7e275a51141ad68.png,MolsonCoors,PERONI
https://image-resize.fetchrewards.com/brands/547caecdd302dc818b9081ce4bc53f97f836652c.png,MolsonCoors,BLUE MOON
https://image-resize.fetchrewards.com/brands/3683caa4172c1ab7ba817d5e19e72dea910bf78f.jpeg,Prestige Consumer Healthcare Inc.,THERATEARS
https://image-resize.fetchrewards.com/brands/bd89e78a3f1705603884402930bcf45b6e298437.png,"Topix Pharmaceuticals, Inc",DERMA E
https://image-resize.fetchrewards.com/brands/b7a28ce43e0f6a897812f68e1d1ab4afd1561501.png,PIM Brands,WELCHS FRUIT SNACKS
https://image-resize.fetchrewards.com/brands/24b9afba22571400eb0304242caecdb1dab2ac85.png,ScottsMiracle-Gro,SCOTTS
https://image-resize.fetchrewards.com/brands/2d05eb09dedc29a6e9863847acc436a5e37627ce.jpeg,WellSpring Health,EMETROL
https://image-resize.fetchrewards.com/brands/32e9ec6b1270d40ac0fa725bbdc2df553bb14dbe.jpeg,WellSpring Health,BONINE
https://image-resize.fetchrewards.com/brands/7527061cdccc5c7acb764e596793d171d3f6ae2d.png,Grupo Nutresa,CAMERON'S COFFEE
https://image-resize.fetchrewards.com/brands/bc19afec01e78b0726897f08fe75b03559c63b7b.png,Popeyes,POPEYES
http://image-resize.fetchrewards.com/brands/75cb8f9a24402d9c04dbcaee579337cf139eaf31.png,Wendy's,WENDYS
https://image-resize.fetchrewards.com/brands/99102b4a23272114a9ca07ae557571056c530ef8.jpeg,Nestle,MERRICK
https://image-resize.fetchrewards.com/brands/75c066dfcbb9994ca969c7d533d6215d6ccea94e.jpeg,Nestle,MOIST AND MEATY
https://image-resize.fetchrewards.com/brands/12a6a02ea7b7fedfd15f89ee7a61704f879aff98.jpeg,Nestle,KIT AND KABOODLE
https://image-resize.fetchrewards.com/brands/b5227c57a8cf88df9cb92280c30f88524a59b1f5.png,Nestle,FANCY FEAST
https://image-resize.fetchrewards.com/brands/b754b909db1ad808a7415c5a68e93bbb8d70743d.png,Nestle,FRISKIES
https://image-resize.fetchrewards.com/brands/9719fe11680f826ae0c1c16bdd91cf7038a5b296.jpeg,Nestle,DOG CHOW
https://image-resize.fetchrewards.com/brands/ee8b6147c3ab5584d58a508d7cc1cf04ead8f665.png,Nestle,BEGGIN
https://image-resize.fetchrewards.com/brands/84838fc3fc05e7cdab623031de6fbac4db7562a6.png,Nestle,BEYOND
https://image-resize.fetchrewards.com/brands/9a74a66ac55e0e3cc2b6fda680969e6e4b31fcf3.jpeg,Nestle,BUSY BONE
https://image-resize.fetchrewards.com/brands/94b6aa19631cf407f9d8eaf7cf9918775a0d7860.png,Nestle,BENEFUL
https://image-resize.fetchrewards.com/brands/86f9dc53f7107ceba1255fa3efd0d1bdc5a24314.jpeg,Nestle,DENTALIFE
https://image-resize.fetchrewards.com/brands/16bb1ca5e813f28bcd4dfcdeed986938e3dde6ea.jpeg,Nestle,WHISKER LICKINS
https://image-resize.fetchrewards.com/brands/a06358b703d9e7ae8091c3efadb4f9817deb533c.png,Nestle,PURINA PRO PLAN
https://image-resize.fetchrewards.com/brands/d17c0ae7d96706cfc4435c5db7fcb951505cd0bd.png,Nestle,PURINA ONE
https://image-resize.fetchrewards.com/brands/f234b09cde5bfba75123960dd9003db46c201c68.jpeg,Nestle,PRIME
https://image-resize.fetchrewards.com/brands/b543481efd0b9d1bed1f9f8a5b2fb64a3b4e4f6a.jpeg,Nestle,ZUKES
https://image-resize.fetchrewards.com/brands/677ccc67fa21b8b252fd639efcae04ec60171161.png,Wingstop,WINGSTOP
https://image-resize.fetchrewards.com/brands/85ca5c537a28b838eef5dbee005413d73545e3f5.png,Second Nature Brands,KARS
https://image-resize.fetchrewards.com/brands/37ba093664097a5e4c062d9de5c9d6a424b1b304.png,Second Nature Brands,SECOND NATURE
https://image-resize.fetchrewards.com/brands/a097384c88b4797863e09751ab2383ccb92a057b.png,Second Nature Brands,BROWNIE BRITTLE
https://image-resize.fetchrewards.com/brands/2a2a3449648389ba626270b639c9820837c405c5.png,Sovos Brands,MICHAEL ANGELO'S
https://image-resize.fetchrewards.com/brands/ee7bbb47130a35a39b01b66afdf32c97285dbfdd.png,Sovos Brands,RAOS
https://image-resize.fetchrewards.com/brands/0430d64914c157a8f31e7b02bf71ebfda3943742.png,Unilever,SEVENTH GENERATION
https://image-resize.fetchrewards.com/brands/766872ef4ec9893a651213516b8579182cfedfeb.png,Unilever,OLLY
https://image-resize.fetchrewards.com/brands/f1f4515d64706e240605d3fb6223bd44de0edc47.png,Unilever,BABY DOVE
https://image-resize.fetchrewards.com/brands/bd855cfb67b08803279644ff12b311be8138cc63.png,Unilever,CULTURE REPUBLICK
https://image-resize.fetchrewards.com/brands/a34f24e05a14abea9c84873b47c4b2a3d64714d4.png,Unilever,BELOVED
http://image-resize.fetchrewards.com/brands/d9ee9c8262e3899dbceb9ddb2b68443c73366e05.png,Unilever,MELE
https://cdn.images.fetchrewards.com/brands/944c0fe2e4e641fda0730a9a09cdeda2909a96c3.png,Unilever,PONDS
https://image-resize.fetchrewards.com/brands/3e6f367889f85a34cfb0420820f9162104f5bea2.png,Unilever,TRESEMME
https://image-resize.fetchrewards.com/brands/31e1008630085751af16d8e89b27df12ae3a2936.png,Unilever,KNORR
https://image-resize.fetchrewards.com/brands/7ef16ea1d116e1799f568cc6e08913f2172cc278.png,Unilever,AXE
https://image-resize.fetchrewards.com/brands/b052181fe135a84d0e51d7ec96b67bc17d8a136e.png,Unilever,HELLMANNS BEST FOODS
https://image-resize.fetchrewards.com/brands/98c3e92d2996255b279fed6987b0787f3702a3eb.png,Unilever,DOLLAR SHAVE CLUB
https://image-resize.fetchrewards.com/brands/8868e70114a66d1a905649689bc92607d664c4dc.png,Unilever,POPSICLE
https://image-resize.fetchrewards.com/brands/e66ed51445c79e7f2002bb374776eba9d74b7428.png,Unilever,SHEA MOISTURE
https://image-resize.fetchrewards.com/brands/2f87170a0c11c9777daa84023a93c9219c30757b.png,Unilever,NEXXUS
https://image-resize.fetchrewards.com/brands/64c2f57191e1b75a8f7874e8c7bfdeda17b65fcb.png,Unilever,VASELINE
https://image-resize.fetchrewards.com/brands/76de2628a2abaaca24ce2a9b069af09366ba2565.png,Unilever,TALENTI
https://image-resize.fetchrewards.com/brands/38eb4bab060e796f3ac126e8f940b93203172495.png,Unilever,GOOD HUMOR
https://image-resize.fetchrewards.com/brands/2785eb05972a25fec3bfc69fb0b925d7b8586403.png,Unilever,KLONDIKE
https://image-resize.fetchrewards.com/brands/8236a6ab68301f9ea9ea95c4cdea0df9190516c5.png,Unilever,MAGNUM ICE CREAM
https://image-resize.fetchrewards.com/brands/070b1a6c427fb627f15f61270988fa801b7ccca3.png,Unilever,BREYERS
https://image-resize.fetchrewards.com/brands/2c9f310f71c0b13ac16d99e9c98a7f7f7bde8236.png,Unilever,SIMPLE
https://image-resize.fetchrewards.com/brands/68fa26ee8007f0e8ada757e7f3bbb4a6ad46a3bb.png,Unilever,LIPTON
https://image-resize.fetchrewards.com/brands/2504f3fd652b11c77f6bc70be4034fd0135aa6f1.png,Unilever,BEN AND JERRYS
https://image-resize.fetchrewards.com/brands/83819e7734e814738083328d904440741234ac89.png,Unilever,SIR KENSINGTONS
https://image-resize.fetchrewards.com/brands/8b469be6efe50b30519c1c5a30e694d2135935ea.png,Unilever,MAILLE
https://image-resize.fetchrewards.com/brands/b90f3c0605b8311d62994576cd091e8ad107cdc5.png,Unilever,LOVE BEAUTY AND PLANET
https://image-resize.fetchrewards.com/brands/4e8e1de0ffba827ba5be73bccd001f84919fa190.png,Unilever,SUAVE
https://image-resize.fetchrewards.com/brands/787e10750c881261f7689f0cac1df2add2914fb9.png,Unilever,SCHMIDT'S
https://image-resize.fetchrewards.com/brands/32724fec83d9f93d11713bf84f7822c6b867dc44.png,Unilever,NUBIAN HERITAGE
https://image-resize.fetchrewards.com/brands/eb4bbe15fb19e1fe0f0144e1457417eedaa7082f.png,Unilever,DEGREE
https://image-resize.fetchrewards.com/brands/aa15d5becdbcdf2d8d6ab8480bfda8f0b1740c32.png,Unilever,DOVE
https://image-resize.fetchrewards.com/brands/dd93476dc4a18fc558aa177428a879b4ec44b9f9.png,Unilever,DEGREE MEN
https://image-resize.fetchrewards.com/brands/4b29fc919b4116d174e59800889216346a827b30.png,Unilever,DOVE MEN+CARE
https://image-resize.fetchrewards.com/brands/30cea2ceee37ed85ad801e5155988051ccc81192.png,Unilever,APOTHECARE ESSENTIALS
https://image-resize.fetchrewards.com/brands/fcf624329e0d6b2b9a6ab2822152bc46bf72fc5a.png,Panera Bread,PANERA BREAD
https://image-resize.fetchrewards.com/brands/3503a1a5f5bd46ece8fe01b7756b08499aa8b5a8.png,DANONE,SO DELICIOUS
https://image-resize.fetchrewards.com/brands/41b20a5dc220f37eef9bbd864af9366074ddcb04.png,Nehemiah Manufacturing Company,DOWNY NMC
https://image-resize.fetchrewards.com/brands/14514f35b280b51f90d6434cbfb0430cde1c63d8.png,Nehemiah Manufacturing Company,TIDE NMC
https://image-resize.fetchrewards.com/brands/921d521dd973e1c9a08175527db5d66335fcb118.png,Nehemiah Manufacturing Company,BOUNCE NMC
https://image-resize.fetchrewards.com/brands/87d265fc6425240f7ff2b5d58260b6b909ba5c3e.png,Nehemiah Manufacturing Company,KANDOO
https://image-resize.fetchrewards.com/brands/ba56c15b36a1ce210f12ce11e70d15fad14c2c8e.png,Sam's Club,SAMS CLUB
https://image-resize.fetchrewards.com/brands/a6842fc032c4acca28ea3faf78cf6cc58bfaa237.png,Sam's Club,MEMBERS MARK
https://image-resize.fetchrewards.com/brands/c821cfb687f74282261c9d1793f63bc23b8afc0b.png,Bayer All Other 65pct,ALKA SELTZER
https://image-resize.fetchrewards.com/brands/a456d47dc8183100176c8c935e0b2b3f2fcc805d.png,Bayer All Other 65pct,MIRALAX LAXATIVES
https://image-resize.fetchrewards.com/brands/0ce2ba7891e9af82bf69817f13113d93f1903332.png,Bayer All Other 65pct,PHILLIPS DIGESTIVE
https://image-resize.fetchrewards.com/brands/fb054415a665dc738327571b88b59624ca425157.png,Bayer All Other 65pct,MIDOL
https://image-resize.fetchrewards.com/brands/bd2275d302d296a664438fbfb2dd4b9e8a503fff.png,Bayer All Other 65pct,ALEVE
https://image-resize.fetchrewards.com/brands/5c033a41f35b9d2c0021adc4cc4bd08979964353.png,Bayer All Other 65pct,LOTRIMIN
https://image-resize.fetchrewards.com/brands/b6f3c8b2ff0d017c4f16c69f3a6fbd64a6bd9153.png,Bayer All Other 65pct,FLINTSTONES
https://image-resize.fetchrewards.com/brands/b65190f361bfc0f3dce58dc59271956700e88550.png,Bayer All Other 65pct,ONE A DAY
https://image-resize.fetchrewards.com/brands/c47d741785c9a33ca95d6747f9c61ba4234de7cb.png,Bayer All Other 65pct,BAYER ASPIRIN
https://image-resize.fetchrewards.com/brands/922d0211fa487dd3c4be600cc6db3618cc2a168d.png,Bayer All Other 65pct,CITRACAL
https://image-resize.fetchrewards.com/brands/076c76cd355a3d5e48c598e00895dd53a26b5e6f.png,Bayer All Other 65pct,TINACTIN
http://image-resize.fetchrewards.com/brands/99687b1c4a378a6e1519a4951d405b0f961d5c62.png,Reckitt Benckiser,RESOLVE
http://image-resize.fetchrewards.com/brands/3ca7b1d4d338d008682eb14de56e471c1d1eb8e1.png,Reckitt Benckiser,AIR WICK
http://image-resize.fetchrewards.com/brands/b5a092e56bfc3c52d43a43252ff676e796898f6a.png,Reckitt Benckiser,CLEARASIL
http://image-resize.fetchrewards.com/brands/ded85c96a4128d5be840702933d98f2e5c283c88.png,Reckitt Benckiser,WOOLITE
https://image-resize.fetchrewards.com/brands/8b383ee8c494ab4e8921a9d02f5853b8e63faf23.png,Riceâ€™s Honey LLC,LOCAL HIVE
https://image-resize.fetchrewards.com/brands/e9298dd089d4549f1774069f556a93347cf1a295.png,"Kitu Life, Inc",SUPER COFFEE
https://image-resize.fetchrewards.com/brands/8359f4ea819f14257b4b4621408dfce3eea1a86c.png,Arbogast Foods LLC,ARBOS
https://image-resize.fetchrewards.com/brands/3604901431fb656a1c0f29a0d509b97eef08bc6a.png,Dotdash Meredith,TRAVEL AND LEISURE
https://image-resize.fetchrewards.com/brands/26937758f183c0661e4e537656e6d2ec308496a9.png,Dotdash Meredith,FOOD & WINE
https://image-resize.fetchrewards.com/brands/1c9f3409eee5eabad7e52a5ea74a7eabe453bd95.png,Dotdash Meredith,REAL SIMPLE
https://image-resize.fetchrewards.com/brands/63fab6dc915e32f6f4289757a2ea47ad52879d0c.png,Dotdash Meredith,ALLRECIPES
https://image-resize.fetchrewards.com/brands/0f89745d23d603af3048ebaed149a0c318f71521.png,Dotdash Meredith,PEOPLE SPECIAL EDITION
https://image-resize.fetchrewards.com/brands/366f29a5e85d85a3425614a5a4c853b43bcf780d.png,Dotdash Meredith,PEOPLE MAGAZINE
https://image-resize.fetchrewards.com/brands/1bc2048c84a85ee597bf6277681e56acaa1aa73d.png,Dotdash Meredith,MAGNOLIA JOURNAL
https://image-resize.fetchrewards.com/brands/c04727b1781d85ea95939d89e04b091670952f84.png,Dotdash Meredith,LIFE SPECIAL EDITION
https://image-resize.fetchrewards.com/brands/fb71f16da05392cd494574d4fdf74307a09bd6f7.png,Dotdash Meredith,COASTAL LIVING
https://image-resize.fetchrewards.com/brands/d0d452251bb94e096d949f4e5e46992bd62a0940.png,Dotdash Meredith,DO IT YOURSELF SPECIAL EDITION
http://image-resize.fetchrewards.com/brands/6b77a2b80fb647f17c4f4d38d383c155fe363643.png,Beech-Nut,BEECHNUT
http://image-resize.fetchrewards.com/brands/0f1b01fb509eaff260abb529fc821f8c79dde3e5.png,Back to the Roots,BACK TO THE ROOTS
https://image-resize.fetchrewards.com/brands/94bf0dad307237faa758483f17d4e1f5ed8ad221.png,Arby's,ARBYS
http://image-resize.fetchrewards.com/brands/b8bcf4f0c330287f290f9a77dabf204ae9bbec7c.png,Ahold Delhaize,GIANT
https://image-resize.fetchrewards.com/brands/0f5cb9b5c60b460707cf6d896ad38dbe780671b7.png,Ahold Delhaize,HANNAFORDTOGO
https://image-resize.fetchrewards.com/brands/cf4e0b5450d5f7aac483418a802a51ad7813cc26.png,Amazon,AMAZON FRESH
https://image-resize.fetchrewards.com/brands/d83a167598e40dd36678ff0e232c0bc85d39bf91.jpeg,BelGioioso Cheese Inc,BELGIOIOSO
https://image-resize.fetchrewards.com/brands/a4b3d264b3f1ca9e58206bfeb924a41e9541d12f.png,Barilla,WASA
https://image-resize.fetchrewards.com/brands/a9e269babd72639574acf59f105913f66fe28c01.png,Barilla,BACK TO NATURE
https://image-resize.fetchrewards.com/brands/70e5e01ef80fd21daa819eee317eecfb7f022bba.png,Barilla,BARILLA
https://image-resize.fetchrewards.com/brands/4a50c2aec794e30e1f7fd052bb0e526d23271cdd.png,BEYOND MEAT,BEYOND MEAT
http://image-resize.fetchrewards.com/brands/fcdc7aea4f030a154f92bb40a994fd3f1dc75955.jpeg,Abbott,GOGROWBAK
http://image-resize.fetchrewards.com/brands/6e81015159f21162fbe723f0149b5989cf299aa2.jpeg,Abbott,PURE BLISSBAK
http://image-resize.fetchrewards.com/brands/89078179e63d7ff705d47d46f7d30cbf38341086.png,Baskin Robbins,BASKIN ROBBINS
http://image-resize.fetchrewards.com/brands/d3a732155bd21ad4c683abe13747fddf7e4c3bae.png,Church & Dwight,ARM & HAMMER BABY
https://image-resize.fetchrewards.com/brands/c71c415b4a43e3c6a9c77121ee71e3fe9f2bd19d.png,Church & Dwight,OXICLEAN
https://image-resize.fetchrewards.com/brands/778f7369fd57e8f2ccd111ac9f622262918f0c0f.png,Church & Dwight,ARM & HAMMER
https://image-resize.fetchrewards.com/brands/2c7588db527f6509bf2e78258bfb66c3a1fc7e7c.png,Church & Dwight,BATISTE
https://image-resize.fetchrewards.com/brands/4584828df618da9bd496d20e90e278d27b50070a.png,Chomps,CHOMPS
https://image-resize.fetchrewards.com/brands/e22c33bcc665b8a3d5cae51febb6f77bacda3222.png,BJ's Wholesale Club,BJS WHOLESALE
https://image-resize.fetchrewards.com/brands/29218441a36d1664886d5306fd385bafc471388b.png,Bush Brothers & Company,BUSHS
https://image-resize.fetchrewards.com/brands/5b353138eedba53b4212452e2e940d9c8b21e042.png,Blue Apron,BLUE APRON
https://image-resize.fetchrewards.com/brands/d101ee212af9a6356a8db24f91f1a58718fd92cc.jpeg,The Coca-Cola Company,SIMPLY JUICES AND DRINKS
https://image-resize.fetchrewards.com/brands/432aed42c1d1ff193f55758a598fbc6cd8e18afb.jpeg,The Coca-Cola Company,SMARTWATER
http://image-resize.fetchrewards.com/brands/0f09465a6a20ef025b027ce9143d7c9c849172c4.png,Bimbo,BOBOLI
http://image-resize.fetchrewards.com/brands/98568d3af832f5cb033c9bcd0ba9ae24a77a59eb.png,Bimbo,NATURES HARVEST
https://image-resize.fetchrewards.com/brands/9129bdb12a0c0e410484aa06b84c9c80eead52e7.png,Bimbo,SARA LEE ARTESANO
http://image-resize.fetchrewards.com/brands/bb8bbeb77c10fa7246e1370fbb2b91a1605aec51.jpeg,Bimbo,BAYS
https://image-resize.fetchrewards.com/brands/d5d38f9e0c9a4ba3a767b98d48b478a29f450601.png,Bimbo,ALFAROS ARTESANO
http://image-resize.fetchrewards.com/brands/56418a2dc616c61846d8931d61b3775563fd631e.png,Bimbo,ARNOLD BROWNBERRY OROWEAT
https://image-resize.fetchrewards.com/brands/3cb284727771bbbef68ff1ff1445c47680428b91.png,Bimbo,THE RUSTIK OVEN
https://image-resize.fetchrewards.com/brands/0e205e0785729cc73b9ce6325d81c65deb8fecd5.png,Bimbo,SARA LEE (BBU)
http://image-resize.fetchrewards.com/brands/16d865050ce0d1ab51d6d30dfd548f7c66966fdd.png,Bimbo,STROEHMANN
https://image-resize.fetchrewards.com/brands/b63579357acfd9f5904876e8fa52b838f4b6df9b.png,Bimbo,TCFAH
https://image-resize.fetchrewards.com/brands/317ae9e5256e5354e9a98032df194ec8405e70ff.png,Bimbo,EMMYS ORGANICS
https://image-resize.fetchrewards.com/brands/a3c54134cc7841a33a9cdc317f7ec35ed1c17454.png,Bimbo,MRS BAIRDS
https://image-resize.fetchrewards.com/brands/895cc1153e5651580af620d6b923759c9ae0bb0a.png,Bimbo,BIMBO BREAD
https://image-resize.fetchrewards.com/brands/c49e58bddb1516c5956711c2de5524d72cc989cf.png,Bimbo,ENTENMANNS
https://image-resize.fetchrewards.com/brands/ee88cd14aa143bf1fe63faf6cab5fdd81c59b8f7.png,Bimbo,THOMAS
https://image-resize.fetchrewards.com/brands/5a73e99d9dd961b3159e44792877c5b4dbfbf37f.png,Bimbo,BIMBO SBG
https://image-resize.fetchrewards.com/brands/822ee380a42ff9162a88b0d744f9d04daa1725b5.png,Bimbo,MARINELA
https://image-resize.fetchrewards.com/brands/30053e76d400aa98708b733f68e1625a05b16843.png,"CEC Entertainment, LLC",PETER PIPER PIZZERIA
https://image-resize.fetchrewards.com/brands/c8b4cadaf8208e9eda37df43f661ba781ba08bef.png,"CEC Entertainment, LLC",PETER PIPER PIZZA
https://image-resize.fetchrewards.com/brands/07486048ed7747ccd4a0ca439e1115c9a5fc50dc.png,DoorDash,DOORDASH
http://image-resize.fetchrewards.com/brands/5ce2a730b3b801c12c11d36e8eb7a079308bbee2.png,Gallo,GASCON
http://image-resize.fetchrewards.com/brands/76a04322fbb657539921945d35eabcc189aab02b.png,Gallo,J VINEYARDS
http://image-resize.fetchrewards.com/brands/5d14116f28070a4a353de95f24c0f0c5d055ded5.png,Gallo,CARNIVOR
http://image-resize.fetchrewards.com/brands/3aa7ea2dfa69f40b89c61600880719fc01909818.png,Gallo,TOASTED HEAD
https://image-resize.fetchrewards.com/brands/085f6d35c4b89ec54627995645c23b28e574399b.png,Gallo,PETER VELLA
https://image-resize.fetchrewards.com/brands/b8749fb9b46c020b87ffc3216cad6632b654850b.png,Gallo,MARTIN CODAX
http://image-resize.fetchrewards.com/brands/3a6aa68bd1bec7e8b9b8daaa708f4776e988ce84.png,Gallo,FREI BROTHERS
https://image-resize.fetchrewards.com/brands/333c70f0684e8fa2e1af4381a7bda3ba6e27a8be.png,Gallo,LIBERTY CREEK
https://image-resize.fetchrewards.com/brands/7be4e51369ca9a5fa8a9623dd2e131d54970d55c.png,Gallo,CARLO ROSSI
http://image-resize.fetchrewards.com/brands/b40a04f2e4c2f369f28b523a4d0ae234ae773251.png,Gallo,VENDANGE
http://image-resize.fetchrewards.com/brands/df4ba48d56bbe2d40ce243c6b8b7b09cbede4e91.png,Gallo,WYCLIFF
https://image-resize.fetchrewards.com/brands/4aa8f576e67dc91e868c218a5d51157050056f9f.png,Gallo,PROPHECY
https://image-resize.fetchrewards.com/brands/1bfc6b7acd12425a068c794d096ba04aaac1fbac.png,Gallo,ALAMOS
https://image-resize.fetchrewards.com/brands/07761927812f09bee37ee0ecb9a47c1e54b46f35.png,Gallo,EDNA VALLEY
http://image-resize.fetchrewards.com/brands/da42cc43a657463a5482b87a603ebbd5dcd6d9e4.png,Gallo,RAVENSWOOD
http://image-resize.fetchrewards.com/brands/8d1705e1a52371ce3a090a819fbd9c10bde0cdff.png,Gallo,TALBOTT
http://image-resize.fetchrewards.com/brands/b9a8d2b0db6244ea3592eaf8487d8a6a7054acca.png,Gallo,CHATEAU SOUVERAIN
https://image-resize.fetchrewards.com/brands/a6647b8f9dfb42ee6708aa59af60be40647dfba8.png,Gallo,APOTHIC
http://image-resize.fetchrewards.com/brands/f98e6ccdc564c2023701a4f1e7e8c317c79adad7.png,Gallo,DAVINCI
http://image-resize.fetchrewards.com/brands/a8fceb247f9dcbf61d295140e21c7b30cd729caa.png,Gallo,HOGUE
http://image-resize.fetchrewards.com/brands/7d31b6f8e47570137526b1b0e8fddd0ecba781be.png,Gallo,LOUIS M MARTINI
http://image-resize.fetchrewards.com/brands/62cae152ebcbc8959f9243571feb5295a7a09bd6.png,Gallo,BELLA SERA
https://image-resize.fetchrewards.com/brands/a1ec835e8e3a9e5ecde31986085a78562145e905.png,Gallo,BLACK BOX
https://image-resize.fetchrewards.com/brands/c4021f248215a387bb7ddb81f21349ed37639d8d.png,Gallo,MANISCHEWITZ
https://image-resize.fetchrewards.com/brands/743f37954cdea0e314bbf43b2476a6e68b347d45.png,Gallo,FLEUR DE MER
http://image-resize.fetchrewards.com/brands/065c88feb352cf89e1eabd80867e9cdf41045381.png,Gallo,TOTTS
http://image-resize.fetchrewards.com/brands/c1bf863b45eb8fa8ae0b81320c7bd45e7d1759a5.png,Gallo,BLACKSTONE
http://image-resize.fetchrewards.com/brands/e59bad5c3bd8ebe00f1f1e6e171c92f4e13edbb7.png,Gallo,ESTANCIA
https://image-resize.fetchrewards.com/brands/f75862775bd2b364b653c0d4daa806db4dff5c8b.png,Gallo,GALLO FAMILY VINEYARDS
https://image-resize.fetchrewards.com/brands/d9c9d6ae261e67d092bb17cb5133ae2a67268c17.png,Gallo,MASO CANALI
https://image-resize.fetchrewards.com/brands/2aedf2f99323099682e801b75a1e109aa7532280.png,Gallo,NOBILO
https://image-resize.fetchrewards.com/brands/21cd78adf86019b1f740115197eb84e7e5e91e81.png,Gallo,BAREFOOT
https://image-resize.fetchrewards.com/brands/36855a9d16f376e0fb5bb33f0de61c3c57be1eba.png,Gallo,SMITH  HOOK
https://image-resize.fetchrewards.com/brands/292459f2d1ca61bb4ea3abdb2847ea0bf77c7556.png,Gallo,HAHN
https://image-resize.fetchrewards.com/brands/60e40087d99537d4fa0b0f3b2139f51fb3da1453.png,Gallo,STARBOROUGH
https://image-resize.fetchrewards.com/brands/279968b398dc97a766b920577d4fd6fc42a02084.png,Gallo,WILLIAM HILL
https://image-resize.fetchrewards.com/brands/470dfc98609279e5ef83314b6af1165fa5fd406e.png,Gallo,ECCO DOMANI
https://image-resize.fetchrewards.com/brands/e5fb259ba56124ba6438043de59ebc15351b7aa1.png,Gallo,MARK WEST
https://image-resize.fetchrewards.com/brands/cc726e6cfe1d677136a2a80419a5777a2b5afee9.png,Gallo,ANDRE
https://image-resize.fetchrewards.com/brands/1d23b75bdca86d10fd5ad4844bfbc62e788ec1cd.png,Gallo,VIBE
https://image-resize.fetchrewards.com/brands/ab0830c6facf6d6855b6106accf230be07bae712.png,Gallo,TAYLOR
https://image-resize.fetchrewards.com/brands/aa76965ebc3a17d7de6720b38db68e79e16ed926.png,Gallo,WHITEHAVEN
https://image-resize.fetchrewards.com/brands/2b6d491dd2d4dc45a98ae513e23c2e890ebd03cb.png,Gallo,DARK HORSE
https://image-resize.fetchrewards.com/brands/bc27111cf6782b06c5469a70eda20e2ea47f1e23.png,Gallo,ARBOR MIST
https://image-resize.fetchrewards.com/brands/bbf5d1682381acaea29eaf0b51d55a44277b6050.png,Gallo,LA MARCA
https://image-resize.fetchrewards.com/brands/15395d46204259f4739f44bd1e5c5f62ea8bc7b5.jpeg,Gallo,FRANCISCAN ESTATE
https://image-resize.fetchrewards.com/brands/2c99ad7fe1b8ca9d5c2ec7b7444e99e8ca04525f.png,Gallo,CLOS DU BOIS
https://image-resize.fetchrewards.com/brands/1c6f5936d168536a324787bb282781b49957050d.png,Flowers Foods,NATURES OWN
https://image-resize.fetchrewards.com/brands/22a9886fae32644a31298c5f6d77cb5a859958a7.png,CVS,CVS
https://image-resize.fetchrewards.com/brands/865093293ee7c1da13803a7f593e924a84b33329.png,Costco,COSTCO
http://image-resize.fetchrewards.com/brands/48cdd8bef5e2ea89909beb21df16614186cfcd99.png,Burger King,BURGER KING
https://image-resize.fetchrewards.com/brands/2356f9f4f3a58290a8656160be226ced37b21c04.png,Dickey's Barbecue Pit,DICKEYS BARBECUE PIT
http://image-resize.fetchrewards.com/brands/df5fff6aeff452127e3857f84f5340a9a4e89467.png,Chick-Fil-A,CHICK FIL A
http://image-resize.fetchrewards.com/brands/c3dc68b871a485955eeae8c4be17ca93f2e5140e.jpeg,Dunkin Donuts,DUNKIN DONUTS
http://image-resize.fetchrewards.com/brands/7821e380f14abd6d9ee9c8767eb5bfc4ff970305.png,Golden Corral,GOLDEN CORRAL
https://image-resize.fetchrewards.com/brands/6d1592c9f32dd9c809654c2e26e1d3c166a73072.png,Chosen Foods,CHOSEN FOODS
https://image-resize.fetchrewards.com/brands/beab57651d63f427eff0669d130a1541b4f7f767.png,Brew Dr,BREW DR
https://image-resize.fetchrewards.com/brands/8715831fbb6b1c1cefad7134102cbfd712b0a8f8.png,Bonduelle,READY PAC BISTRO
http://image-resize.fetchrewards.com/brands/46cf622bde41858c81760431d3b125e5b722309f.png,Chewy,CHEWY
http://image-resize.fetchrewards.com/brands/4c38b4b4d2f17a432b549aaba949fcb2ec3083d6.png,Ferrero Group,FAMOUS AMOS
https://image-resize.fetchrewards.com/brands/e5b3925d6d98e95df544d6ee4331ec7b125c0f1c.png,Ferrero Group,KEEBLER SWEET TREATS
https://image-resize.fetchrewards.com/brands/9996a33bcb8ae3a58f6d783c7289185a38b0092a.png,Frutero,FRUTERO
https://image-resize.fetchrewards.com/brands/be7e409df5a135fd2b55c03556b4b31ca5376b74.png,General Mills,BISQUICK
http://image-resize.fetchrewards.com/brands/7ce7af9d7e14ac77552ce34b799ea9b89353e47f.png,General Mills,GROW FOR GOOD
https://image-resize.fetchrewards.com/brands/5d74c72e032fe20f7cdb727ffc49028631862bc7.png,General Mills,PILLSBURY TOASTER STRUDEL
https://image-resize.fetchrewards.com/brands/adfd16ce4958926c3ec9dccd6cd3cb29cb1282a9.png,General Mills,REMIX
https://image-resize.fetchrewards.com/brands/62492575c98a95ad0d8d2bbe9a1f542fc38f2896.png,General Mills,HAAGEN DAZS CULTURED CREME
https://image-resize.fetchrewards.com/brands/6147f5b0ad4b392c7dfb6387c1929a5349cb20af.png,General Mills,HALO TOP BAKING
https://image-resize.fetchrewards.com/brands/c9712fa25717c35120a1523c78e49faad365c4e6.png,General Mills,WILDE TERRA
https://image-resize.fetchrewards.com/brands/bca56e9cdebf7c68f8a721d500e41d3881dbd697.png,General Mills,GENERAL MILLS CEREAL
https://image-resize.fetchrewards.com/brands/3710d5d09cc220903cb6f7478d60563978653da2.png,General Mills,LIBERTE
https://image-resize.fetchrewards.com/brands/c98da48efe16d792def01213d099960b00abe1c6.png,General Mills,FRUIT GUSHERS
https://image-resize.fetchrewards.com/brands/00fb68fa678645ff45ad2ead6e4631cd5168eba8.png,General Mills,MUIR GLEN
https://image-resize.fetchrewards.com/brands/ebde16d9ebfd1ce821fc80d16af746e31442386b.png,General Mills,WONDERWORKS
https://image-resize.fetchrewards.com/brands/dd745a33d33c3d12b6a2bddfa4fd738ff816ea5f.png,General Mills,WHEATIES
https://image-resize.fetchrewards.com/brands/5d440bee31e308fc1a1ca1cdd4996946e740f271.png,General Mills,IMMACULATE BAKING CO
https://image-resize.fetchrewards.com/brands/e8eea1239a1fd43eb7bfccaea989f9c3e27a57aa.png,General Mills,GOLD MEDAL
https://image-resize.fetchrewards.com/brands/ecf8c8bdb1ea1a3d0d871aaf8145a3130f2c4788.png,General Mills,TOTAL
https://image-resize.fetchrewards.com/brands/41a419ea76b04bdfb602775710426d5d6b98cf67.png,General Mills,OATMEAL CRISP
https://image-resize.fetchrewards.com/brands/c53bf849b9155d7ca8fbc0e5f406c57ad785300f.png,General Mills,KIX
https://image-resize.fetchrewards.com/brands/66ca4c2bc4687ae5d0f59525b84e79baae5dfca2.png,General Mills,PLENTIFULL
https://image-resize.fetchrewards.com/brands/ef5abd056556fb71dfe134dc59cc8f0df16a52b8.png,General Mills,MOTTS
https://image-resize.fetchrewards.com/brands/6edc26bcb83e00c63f85a18da76d0142df642373.png,General Mills,FRUIT ROLL UPS
https://image-resize.fetchrewards.com/brands/71fe2c6d35ef116685723e8642e0e61ebca62109.png,General Mills,FRUIT BY THE FOOT
https://image-resize.fetchrewards.com/brands/419353b3e9431147cf29b258156945bf7f80f609.png,General Mills,COOKIE CRISP
https://image-resize.fetchrewards.com/brands/078590b6364afc1690755c53f2e1305f9d6b1e0d.png,General Mills,OLD EL PASO
https://image-resize.fetchrewards.com/brands/f34b1d6e66b597e219143ddf2a1b87a536eb19ce.png,General Mills,RATIO
https://image-resize.fetchrewards.com/brands/ada15fa58f070ae9a5846b1aec2e1a52cb4253b7.png,General Mills,MOUNTAIN HIGH
https://image-resize.fetchrewards.com/brands/37381668dd28ca85acbcad29fb24f6eebd6fc765.png,General Mills,YOPLAIT
https://image-resize.fetchrewards.com/brands/021f733b5d14fc0c7256d7283ecb69f10d4a9b1b.png,General Mills,OUI BY YOPLAIT
https://image-resize.fetchrewards.com/brands/7e67078964d02e7a85bc0e2381e44f53567b6d58.png,General Mills,YOPLAIT GOGURT
https://image-resize.fetchrewards.com/brands/1d97b76e6afa989caa3dda19deef6a0164a2d1af.png,General Mills,AUTUMNS GOLD
https://image-resize.fetchrewards.com/brands/0ff72fd3daf121dea9957eebbe80b59f6f95951e.png,General Mills,BASIC 4
https://image-resize.fetchrewards.com/brands/e56d222c173a49ed90bf66dfccdf984d4953a21f.png,General Mills,TOTINOS
https://image-resize.fetchrewards.com/brands/28b2cff086f3dbc4dcac13e2af54b523656b8313.png,General Mills,BUGLES
https://image-resize.fetchrewards.com/brands/c9635a4df6ac414a6d2b941dd4d5fe435305d8ae.png,General Mills,MONSTERS CEREAL
https://image-resize.fetchrewards.com/brands/7ce9d8cfee5a44ef1a82c296a69d3ff2ab2673fc.png,General Mills,EPIC
https://image-resize.fetchrewards.com/brands/5fcaa47878edc49dd5c56455b6142522d5a9ec88.png,General Mills,GARDETTOS
https://image-resize.fetchrewards.com/brands/6fe84af3624a57c9bafb48fc1fab82961c9d2cb4.png,General Mills,GOLDEN GRAHAMS
https://image-resize.fetchrewards.com/brands/b1c8e86d8755e546bcde6f8c543123a7a17a5107.png,General Mills,LUCKY CHARMS
https://image-resize.fetchrewards.com/brands/0e3742ba26a1d73d9a7b381cafd263f9e62b88fc.png,General Mills,TRIX
https://image-resize.fetchrewards.com/brands/7f46c8302a206e61b2b34d6996ae7781d77b06ec.png,General Mills,REESES PUFFS
https://image-resize.fetchrewards.com/brands/110e0dcc6faa20c038bf704733e1f4220eb9735e.png,General Mills,LARABAR
https://image-resize.fetchrewards.com/brands/1c2f8da0241fcd931bf17c290140051fa25e9735.png,General Mills,NATURE VALLEY
https://image-resize.fetchrewards.com/brands/390fa68b5395e35057115bd9a01c7508a9193dc6.png,General Mills,CASCADIAN FARM
https://image-resize.fetchrewards.com/brands/60f95955f1223716bdc9dcb44c519e79cb2bd180.png,General Mills,RAISIN NUT BRAN
https://image-resize.fetchrewards.com/brands/720e85e5b4e2077ad919c6c8712d7b29e80776e0.png,General Mills,PROGRESSO
https://image-resize.fetchrewards.com/brands/614d5dd18e830d477f1cbf8a7391db8df1be0cd1.png,General Mills,GOOD MEASURE
https://image-resize.fetchrewards.com/brands/0b2147ee36d88036ba7ba65e1fd72f5f3e595a62.png,General Mills,FIBER ONE
https://image-resize.fetchrewards.com/brands/0c3107ada1086bde7af36291196e808b33448b49.png,General Mills,CHEERIOS
https://image-resize.fetchrewards.com/brands/ced117c1fa2e183556e9c622ee1a5f8d2fd75b29.png,General Mills,CINNAMON TOAST CRUNCH
https://image-resize.fetchrewards.com/brands/b49a87870859179c757cd693ec42ea7586f6aa42.png,General Mills,BETTY CROCKER
https://image-resize.fetchrewards.com/brands/7e45bd5b26726b83d01b427cba246fa20c0e4fd4.png,General Mills,PILLSBURY
https://image-resize.fetchrewards.com/brands/33b32b1cbf504a03b5c9c2b24d49568d87f50df3.png,General Mills,CHEX
https://image-resize.fetchrewards.com/brands/e325f539c56ac325a53a88075005a80afaa2fe64.png,General Mills,ANNIES HOMEGROWN GROCERY
https://image-resize.fetchrewards.com/brands/a1923b9b704fa8f2ef58b8292623913961e9dd0d.png,General Mills,BLUE BUFFALO
https://image-resize.fetchrewards.com/brands/d7ed1f5c69b3d47899d8aebd924db4525cc3c7dd.png,General Mills,COCOA PUFFS
https://image-resize.fetchrewards.com/brands/07f39857d55239bd27e95e2b6ccca2676f57f1de.png,General Mills,CHEX MIX
https://image-resize.fetchrewards.com/brands/fe95298397faa4c2f8b6e9747112f7981466b02a.png,General Mills,DUNKAROOS
http://image-resize.fetchrewards.com/brands/b904eef9f3581699bec4ec7bf028dacccc74f4ea.jpeg,Colgate-Palmolive,PALMOLIVE
https://image-resize.fetchrewards.com/brands/95ed68ad86dc29d69e1b1c0c077ab8ffd4d76d88.png,Colgate-Palmolive,COLGATE
https://image-resize.fetchrewards.com/brands/606563393059cc5a86c49d9ee88b2ea8ae7b9323.png,Casey's General Store,CASEYS GENERAL STORE
http://image-resize.fetchrewards.com/brands/2c7e1376497633a6b169474794f120fc549a9c85.png,Farmer Boys,FARMER BOYS
https://image-resize.fetchrewards.com/brands/5392b3ae3a56820e00085fa36a6db98ee1248cbd.png,DIAGEO,GUINNESS
https://image-resize.fetchrewards.com/brands/4c5699f41dd8c170ecc1ddb97113cb217b3edb51.png,DIAGEO,BULLEIT
https://image-resize.fetchrewards.com/brands/5a1756c54d05021dcf3b05666065caf9d8cbfa31.png,DIAGEO,CROWN ROYAL 
https://image-resize.fetchrewards.com/brands/21298dd7f5147b41e81bd87fa822bcea5c30a09c.png,DIAGEO,VITA COCO SPIKED
